<?xml version="1.0" encoding="UTF-8"?>
<!--
 ~  Copyright (c) 2024, WSO2 LLC. (http://www.wso2.org) All Rights Reserved.
 ~
 ~  WSO2 LLC. licenses this file to you under the Apache License,
 ~  Version 2.0 (the "License"); you may not use this file except
 ~  in compliance with the License.
 ~  You may obtain a copy of the License at
 ~
 ~    http://www.apache.org/licenses/LICENSE-2.0
 ~
 ~  Unless required by applicable law or agreed to in writing,
 ~  software distributed under the License is distributed on an
 ~  "AS IS" BASIS, WITHOUT WARRANTIES OR CONDITIONS OF ANY
 ~  KIND, either express or implied.  See the License for the
 ~  specific language governing permissions and limitations
 ~  under the License.
-->

<!-- Generated on 10-Tue, 09, 2024 08:13:26+0530 -->

<component name="functions" type="synapse/template">
    <subComponents>
        <component name="createAd">
            <file>createAd.xml</file>
            <description>Create an ad.</description>
        </component>
        <component name="createAdSet">
            <file>createAdSet.xml</file>
            <description>Creates an ad set.</description>
        </component>
        <component name="createCampaign">
            <file>createCampaign.xml</file>
            <description>Create a campaign.</description>
        </component>
        <component name="deleteAd">
            <file>deleteAd.xml</file>
            <description>Deletes an ad.</description>
        </component>
        <component name="deleteAdSet">
            <file>deleteAdSet.xml</file>
            <description>Deletes a ad set.</description>
        </component>
        <component name="deleteCampaign">
            <file>deleteCampaign.xml</file>
            <description>Deletes a campaign.</description>
        </component>
        <component name="dissociateCampaign">
            <file>dissociateCampaign.xml</file>
            <description>Dissociate a campaign from an AdAccount.</description>
        </component>
        <component name="getAd">
            <file>getAd.xml</file>
            <description>Returns data of an ad.</description>
        </component>
        <component name="getAdSet">
            <file>getAdSet.xml</file>
            <description>Return data related to an ad set.</description>
        </component>
        <component name="getAdSets">
            <file>getAdSets.xml</file>
            <description>Returns all ad sets from one ad account.</description>
        </component>
        <component name="getAds">
            <file>getAds.xml</file>
            <description>Returns ads under this ad account.</description>
        </component>
        <component name="getCampaigns">
            <file>getCampaigns.xml</file>
            <description>Returns campaigns under this ad account.</description>
        </component>
        <component name="updateAd">
            <file>updateAd.xml</file>
            <description>Updates an ad.</description>
        </component>
        <component name="updateAdSet">
            <file>updateAdSet.xml</file>
            <description>Updates an ad set.</description>
        </component>
        <component name="updateCampaign">
            <file>updateCampaign.xml</file>
            <description>Updates a campaign.</description>
        </component>
        <component name="createAdCreative">
            <file>createAdCreative.xml</file>
            <description>Creates an ad creative.</description>
        </component>
        <component name="createCustomAudience">
            <file>createCustomAudience.xml</file>
            <description>Creates a custom audience.</description>
        </component>
        <component name="updateCustomAudience">
            <file>updateCustomAudience.xml</file>
            <description>Updates a custom audience.</description>
        </component>
        <component name="addUsersToAudience">
            <file>addUsersToAudience.xml</file>
            <description>Add users to your Custom Audience.</description>
        </component>
        <component name="removeUsersFromAudience">
            <file>removeUsersFromAudience.xml</file>
            <description>Remove users from your Custom Audience.</description>
        </component>
        <component name="getCustomAudiences">
            <file>getCustomAudiences.xml</file>
            <description>Returns all custom audiences.</description>
        </component>
    </subComponents>
</component>
