<!--
 ~  Copyright (c) 2024, WSO2 LLC. (http://www.wso2.org) All Rights Reserved.
 ~
 ~  WSO2 LLC. licenses this file to you under the Apache License,
 ~  Version 2.0 (the "License"); you may not use this file except
 ~  in compliance with the License.
 ~  You may obtain a copy of the License at
 ~
 ~    http://www.apache.org/licenses/LICENSE-2.0
 ~
 ~  Unless required by applicable law or agreed to in writing,
 ~  software distributed under the License is distributed on an
 ~  "AS IS" BASIS, WITHOUT WARRANTIES OR CONDITIONS OF ANY
 ~  KIND, either express or implied.  See the License for the
 ~  specific language governing permissions and limitations
 ~  under the License.
-->

<!-- Generated on 10-Tue, 09, 2024 08:13:26+0530 -->

<template xmlns="http://ws.apache.org/ns/synapse" name="getCustomAudiences">
    <!-- Path Parameter List -->
    <parameter name="adAccountId" description="ID of the ad account."/>
    <parameter name="filterByName" description="Name of the audience to filter by name."/>
    <sequence>
        <class name="org.wso2.carbon.facebook.ads.connector.RestURLBuilder">
            <property name="operationPath" value="/act_{ad_account_id}/customaudiences"/>
            <property name="pathParameters" value="adAccountId,"/>
        </class>
        <header name="Accept" value="application/json" scope="transport" action="set"/>
        <header name="Accept-Encoding" value="gzip" scope="transport" action="set"/>

        <call>
            <endpoint>
                <http method="GET" uri-template="{uri.var.base}{+uri.var.urlPath}{+uri.var.urlQuery}&amp;fields=id,name,description,account_id,subtype,size,usage,delivery_status,lookalike_spec,rule,pixel_id,data_source,creation_time,update_time,is_restricted,can_create_lookalike,customer_file_source,retention_days,origin,country,ratio,targeting"/>
            </endpoint>
        </call>
        <class name="org.wso2.carbon.facebook.ads.connector.FilterAudiencesByNameMediator"/>

        <header name="x-business-use-case-usage" scope="transport" action="remove"/>
        <header name="facebook-api-version" scope="transport" action="remove"/>
        <header name="Strict-Transport-Security" scope="transport" action="remove"/>
        <header name="x-fb-request-id" scope="transport" action="remove"/>
        <header name="x-fb-trace-id" scope="transport" action="remove"/>
        <header name="x-fb-rev" scope="transport" action="remove"/>
        <header name="X-FB-Debug" scope="transport" action="remove"/>
        <header name="x-fb-server-load" scope="transport" action="remove"/>
        <header name="X-FB-Connection-Quality" scope="transport" action="remove"/>
        <header name="Alt-Svc" scope="transport" action="remove"/>
    </sequence>
</template>
