{
  "connectorName": "facebookAds",
  "operationName": "dissociateCampaign",
  "title": "Dissociate Campaign",
  "help": "Dissociate a campaign from an AdAccount.",
  "elements": [
    {
      "type": "attributeGroup",
      "value": {
        "groupName": "General",
        "elements": [
          {
            "type": "attribute",
            "value": {
              "name": "configRef",
              "displayName": "Connection",
              "inputType": "connection",
              "allowedConnectionTypes": [
                "facebookAds"
              ],
              "defaultType": "connection.facebookAds",
              "defaultValue": "",
              "required": "true",
              "helpTip": "Connection to be used."
            }
          },
          {
            "type": "attributeGroup",
            "value": {
              "groupName": "Parameters",
              "elements": [
                {
                  "type": "attribute",
                  "value": {
                    "name": "adAccountId",
                    "displayName": "Ad Account Id",
                    "inputType": "stringOrExpression",
                    "defaultValue": "",
                    "required": "true",
                    "helpTip": "ID of the ad account."
                  }
                },
                {
                  "type": "attribute",
                  "value": {
                    "name": "deleteStrategy",
                    "displayName": "Delete Strategy",
                    "inputType": "stringOrExpression",
                    "defaultValue": "",
                    "required": "true",
                    "helpTip": "Delete strategy."
                  }
                },
                {
                  "type": "attribute",
                  "value": {
                    "name": "beforeDate",
                    "displayName": "Before Date",
                    "inputType": "stringOrExpression",
                    "defaultValue": "",
                    "required": "false",
                    "helpTip": "Set a before date to delete campaigns before this date."
                  }
                },
                {
                  "type": "attribute",
                  "value": {
                    "name": "objectCount",
                    "displayName": "Object Count",
                    "inputType": "stringOrExpression",
                    "defaultValue": "",
                    "required": "false",
                    "helpTip": "Object count."
                  }
                }
              ]
            }
          }
        ]
      }
    }
  ]
}
