{
  "connectorName": "facebookAds",
  "operationName": "removeUsersFromAudience",
  "title": "Remove Users From Custom Audience",
  "help": "This is Remove Users from Custom Audience operation.",
  "elements": [
    {
      "type": "attributeGroup",
      "value": {
        "groupName": "General",
        "elements": [
          {
            "type": "attribute",
            "value": {
              "name": "configRef",
              "displayName": "Connection",
              "inputType": "connection",
              "allowedConnectionTypes": [
                "facebookAds"
              ],
              "defaultType": "connection.facebookAds",
              "defaultValue": "",
              "required": "true",
              "helpTip": "Connection to be used."
            }
          },
          {
            "type": "attributeGroup",
            "value": {
              "groupName": "Parameters",
              "elements": [
                {
                  "type": "attribute",
                  "value": {
                    "name": "customAudienceId",
                    "displayName": "Custom audience Id",
                    "inputType": "stringOrExpression",
                    "defaultValue": "",
                    "required": "true",
                    "helpTip": "ID of the ad set."
                  }
                },
                {
                  "type": "attribute",
                  "value": {
                    "name": "properties",
                    "displayName": "Properties",
                    "inputType": "stringOrExpression",
                    "defaultValue": "",
                    "required": "true",
                    "helpTip": "Custom audience users update properties."
                  }
                },
                {
                  "type": "attribute",
                  "value": {
                    "name": "inputStructure",
                    "displayName": "Input Data Structure",
                    "inputType": "comboOrExpression",
                    "comboValues": ["FACEBOOK_API_COMPATIBLE", "JSON_ARRAY"],
                    "defaultValue": "FACEBOOK_API_COMPATIBLE",
                    "required": "false",
                    "helpTip": "Custom audience users properties."
                  }
                }
              ]
            }
          }
        ]
      }
    }
  ]
}
